1,pen,awesome,10
2,pencil,good,20
3,eraser,wow,90
1,pen,awesome,10
2,pencil,good,20
3,eraser,wow,90
123,phone,talk,9384
345,computer,dell,8765
456,ear phones,listen,1234
987,keyboard,type,999
1,pen,awesome,10
2,pencil,good,20
3,eraser,wow,90
1,pen,awesome,10
2,pencil,good,20
3,eraser,wow,90
123,phone,talk,9384
345,computer,dell,8765
456,ear phones,listen,1234
987,keyboard,type,999
1,pen,awesome,10
2,pencil,good,20
3,eraser,wow,10
21,hjkl,cvb,20
1,pen,awesome,10
2,pencil,good,20
3,eraser,wow,10
21,hjkl,cvb,20
1,pen,awesome,10
2,pencil,good,20
3,eraser,wow,10
21,hjkl,cvb,20
1,pen,awesome,10
2,pencil,good,20
3,eraser,wow,10
21,hjkl,cvb,20
